CONCEPT,LABEL,ACRONYM,SYNONYM,DOMAIN,DEFINITION,EXAMPLE,NOTE,RELATEDCONCEPT
abductive reasoning,abductive reasoning,,,logic,A form of logical inference in which a hypothesis is created about the probable causes from observed patterns. ,Data mining is essentially an abductive process.,Abductive reasoning is the primary source of new knowledge.,induction; deduction
abstract,abstract,,,modeling,A more generalized representation.,"""Animal"" is a more abstract concept than ""bear.""",,
accretion,accretion,,,,"The process of gradual change, which is typically accommodated by a system structure. ","In nature, the depositing of silt on a river bend is an accretive change. Overflowing the bank and creating a new channel is an avulsive change.",,avulsion
acyclic,acyclic,,,modeling; graph theory,Not cyclic; does not loop recursively. ,"If you were one of your own ancestors, you would have a cyclic family tree.",,
agent,agent,,,computer science,An autonomous software program acting on a user’s behalf.,,,
aggregate,aggregate,,,"Unified Modeling Langage, Entity-Relationship Modeling",A type of relationship that implies ownership.,,Aggregate relationships are used in the Unified Modeling Language (UML) and entity-relationship (ER) diagrams.,
alias,alias,,,computer science,An alternative and usually easier-to-understand name for a defined data object. ,,,
alias,alias,,synonym,lexicography,An alternative name for something.,,,
ambiguity,ambiguity,,uncertainty,lexicography,A definition or identification that can be understood in more than one way.,,Ambiguity leaves uncertainty as to the specific assignment of referent to thing.,
annotation ,annotation ,,,semantics,The addition of qualifying or contextual information to text or an interface description.,,,
annotation ,annotation ,,,OWL,A property that is not interpreted by the inference engine. ,Annotations can include comments plus a large number of other properties that could be interpreted by other processors.,,
antonymy,antonymy,,"opposite, antonym",lexicography,A sense relation between two words with opposite meanings. ,"""Light"" and ""dark,"" ""dead"" and ""alive,"" ""slow"" and ""quick"" are pairs of antonyms.",,
assertion,assertion,,,logic; modeling,A statement that asserts that a certain premise is true.,"""Robert Jones is Employee 1234"" or ""the Earth is round"" are assertions.",,
assertional box,assertional box,ABox,a-box,"OWL, description logic",Inferences on instances (assertions). ,"Essentially reasoning on instances, similar to the way SQL reasons over instances in a database. Also, extensional.","TBox statements are sometimes associated with object-oriented classes and ABox statements associated with instances of those classes.
","Tbox, Cbox"
association,association,,,"Unified Modeling Langage, Entity-Relationship Modeling",A type of relationship that does not imply ownership.,,,
associative database,associative database,,,computer science,"A style of database design, using sentences to describe associations.",,,
asynchronous messaging,asynchronous messaging,,,computer science,Message transmissions without a “block and wait” for response.,,,
Atom,Atom,,,"standards, XML",An ontology for describing RSS feeds in XML.,,,
attribute,attribute,,"property, characteristic",modeling,A property or characteristic of an entity.,,"An attribute is not a property in terms of a relationship expressed in RDF. In other words, an attribute does not connects two concepts.",
axiom,axiom,,postulate,logic,A statement of self-evident truth used as a starting point for reasoning.,,,
behavior,behavior,,,object-oriented software,The methods that execute code.,,,
binary,binary,,,modeling,A relationship with an inverse.,,,
bind,bind,,,,"Attaching a request to an implementation. Implementations are in specific technologies, and to invoke them one has to attach an often abstract description of a request to the specific module that will invoke it. Adaptors bind to applications.",,,
Business Process Execution Language,Business Process Execution Language,BPEL,,"standards, XML",A standard for assembling a set of discrete web-based services in a service-oriented architecture into an end-to-end process flow.,,,service-oriented architecture
canonical,canonical,,"canonicality, canonicity",computer science,An accepted standard. ,,"In message modeling, declaring something ""canonical"" is the process of declaring a standard for message content rather than allowing each project to define its own.",
cardinality,cardinality,,,modeling,A constraint on the number of successors on a relationship. ,"The cardinality for the relationship ""biological mother"" is 1; for ""biological child"" it is 0 or greater.",,
cardinality,cardinality,,,description logic,A type of class restriction that limits the members of a class to those with the requisite number of unique property assertions.,,,
categorical box,categorical box,Cbox,c-box,modeling,,,,
categorization,categorization,,,modeling,The act of ascribing an instance to a knowledge-level group for the purpose of inferring additional information about the instance.,,,
causation,causation,,,modeling,A relationship with teleologic attribute.,Travel causes displacement.,,
character data,character data,CDATA,,"standards, XML",Character data that is ignored by a parser.,,,parsed character data
class,class,,,object-oriented programming,A definition of attributes and behaviors for a type of instance; the basic module for object-oriented programming. ,,"In object-oriented programming, ""class"" and ""type"" are nearly synonymous, but the slight difference causes considerable problems.",
co-occurrence analysis,co-occurrence analysis,,,,Using contiguousness as a clue for evaluating the relatedness of things.,"If two terms typically show up near each other in text, they are likely related.",,
cohesion,cohesion,,,computer science,The degree to which the elements inside a module belong together.,"In a cohesive module, all the parts are closely related; there are no extraneous parts.",,
column,column,,,databases,An attribute for relational databases.,,,
commitment to ontology,commitment to ontology,,,Semantic Web,Declaration that a domain or document makes in terms of using and agreeing with the meaning of terms from a particular ontology. ,,The commitment to ontology is the key to different documents being able to intercommunicate.,
common logic,common logic,,,standards,Framework for a set of knowledge representation standards.,,,
competency question,competency question,,,modeling,"A question that defines the objective, scope and expressiveness requirements for an ontology.",,,
complete,complete,,,OWL,A class that has necessary and sufficient conditions; a restriction class.,,,
compound,compound,,,lexicography,Group of individual words whose meaning can only be known in combination.,"World Series, the White House",,
conceptual model,conceptual model,,,modeling,Model independent of implementation.,,,
conceptualization,conceptualization,,,modeling,"Abstract, simplified view of the world that we wish to represent for some purpose.",,,
conjunction,conjunction,,,logic,And.,,,
consortium,consortium,,,lexicography,"An association, typically a group of business companies.",,,
constraints,constraints,,,modeling,Predicates which must be true or else transactions are not committed.,,,
content,content,,,data,Intellectual property. ,"Documents, messages",,
controlled vocabulary,controlled vocabulary,,,lexicography,Pre-defined list of allowable terms with definitions.,,,
Cyc,Cyc,,,,"From encyclopedia, a project to capture and express the axioms needed for a machine to reason equivalently to a human.",,,
Cyc,Cyc,,,ontology,An ontology built by Cycorp to support common sense reasoning. ,,,
CycL,CycL,,,language,Inference language used in Cyc.,,,
DAML+OIL,DAML+OIL,,"DARPA Agent Markup Language, Ontology Inference Layer, Ontology Interchange Language",standards,A successor language to DAML and OIL that combines features of both.,,DAML+OIL is superseded by the Web Ontology Language (OWL).,
DARPA Agent Markup Language,DARPA Agent Markup Language,DAML,,standards,Pre-OWL extensions to RDF to create ontologies for the Semantic Web.,,,
declared membership,declared membership,,,"semantics, description logic, modeling",A class where the intention of the designers is to have users declare that instances/individuals are members of the class.,,,derived membership
deduction,deduction,,,logic,To infer knowledge of an instance from its membership in a category or type. The process of using knowledge but not of creating it.,,,
Defense Advanced Research Project Agency,Defense Advanced Research Project Agency,DARPA,,,A funding source for the early Internet and currently the semantic web.,,,
definition,definition,,,lexicography,A description of what something means.,,"Definitions are often sufficient for humans, rarely sufficient for software agents.",
delimiters,delimiters,,,,Separators in a message that allow a parser to know where one element starts and ends.,,,
dependency,dependency,,,"software design, modeling","Recognition that one software component will be adversely affected if another one changes. Most software has dependencies on its operating system, but will also have dependencies of an often deep stack of other software components.",,,
derived membership,derived membership,,,modeling,A class where the intention of the designers is to have instances/individuals be assigned membership by a reasoning engine.,,,
description logic,description logic,,,logic,A specialization in computer science that uses formal language to define classes. ,OWL/DL is a standard for describing Description Logic.,,
description logic,description logic,DL,,description logic(s),"A form of formal logic that focuses on inference, which as been adopted by the Semantic Web in the form of OWL/DL.",,,
design time,design time,,,software design,"Refers to things that need to be changed when the software is being designed (or modified). For example, a scheduling algorithm is normally a design-time choice. However, it is possible to design an architecture in which the algorithm is a run-time option that could be selected by a user or another software component.",,,
dialect,dialect,,,linguistics,A subset of a language agreed to by a group of people.,,,
dictionary,dictionary,,,software design,"Place where metadata for the definition of tables, columns, and so on are stored.",,,
dictionary,dictionary,,,lexicography,"A collection of word definitions, with the purpose of distinguishing closely related words. Most dictionaries contain considerable encyclopedia functionality, which obscures their distinction function.",,,
dimension,dimension,,,,One of the axes in a data warehouse that can be used to query or summarize the facts in the warehouse.,,,
directed,directed,,,modeling,"In a network model the property that says whether the arcs have ""arrows."" A project plan is ""directed"" in that the precedent relationships go in a particular direction. A thesaurus is undirected in that the definitions are only related, without having a direction to them.",,,
directed acylic graph,directed acylic graph,DAG,,graph theory,Graph (network) in which all the nodes are connected and prevented from looping.,,,
directed graph,directed graph,,,graph theory,A graph in which the arcs are directed.,,,
directory Mozilla,directory Mozilla,DMOZ,,directory Mozilla,Group of volunteers who categorize web sites.,,,
disambiguate,disambiguate,,,lexicography,"Process of selecting between alternate, ambiguous interpretations. Conversationally, people do this by asking, ""Do you mean x or y?""",,,
disjoint,disjoint,,," semantics, description logic","Two classes, sets or individuals can not have overlapping membership. Male and Female are disjoint.",,,
disjunction,disjunction,,,description logic,“Or.” The disjunction of two statements is true if either is true.,,,
distinction,distinction,,,vocabulary,To set up rules for disambiguating closely related concepts.,,,
document-type definition,document-type definition,DTD,,document-type definition,"Schema language for SGML, and XML.",,,
Dolce,Dolce,,,ontology,EU/Wonder Web sponsored Upper Ontology.,,,
domain,domain,,,database,"The set of valid values of an attribute, i.e., its type. Note: this is very different form the ontology definition of domain below.",,,
domain,domain,,,ontology,A restriction on the classes that are the subject of a property relationship.,,,
Dublin Core,Dublin Core,,,ontology,Standard ontology for documents.,,,
element,element,,,XML,Atomic unit of meaning in XML.,,,
encyclopedia,encyclopedia,,,vocabulary,"A description of what is known about a concept. This is distinct from distinguishing one concept from another, closely related, concept.",,,
entailment,entailment,,,logic,"Semantic implication within a context, for example buying entails paying.",,,
enterprise application integration,enterprise application integration,EAI,,enterprise application integration,Industry and products involved in making the interfacing of applications more economical.,,,
enterprise information integration,enterprise information integration,EII,,enterprise information integration,Architecture where federated queries are used to create an integrated view over many databases.,,,
enterprise message model,enterprise message model,EMM,,enterprise message model,A set of messages taken in the aggregate that represent the shared information in an organization.,,,
entity extraction,entity extraction,,,unstructured data,Process of identifying concepts found in documents and tagging them to a predefined ontology.,,,
entity relationship,entity relationship,ER,,modeling,Style of data design focused on the definition of entities and their relationship to each other.,,,
epistemology,epistemology,,,philosophy,A branch of philosophy that studies the nature of knowledge.,,,
equivalent,equivalent,,,logic,Two representations of the same thing.,,,
avulsion,avulsion,,,modeling,"Rapid, discontinuous change; a change to a data structure that breaks dependent modules.","In nature, the depositing of silt on a river bend is an accretive change. Overflowing the bank and creating a new channel is an evulsive change.",,accretion
explicit,explicit,,,semantics,A formal expression of knowledge.,,,
extensible,extensible,,,database or model,"Capable of being added to accretively. An extensible data structure is one that additive changes can easily be made. Relational databases are extensible at the table level, in that columns can be added to tables without requiring programs to be rewritten.",,,
extensible style sheet language transformation,extensible style sheet language transformation,XSLT,,,Extension to XSL that includes more structural changes to an XML document.,,,
extensional,extensional,,,model,A set defined by a specific list.,The states of the United States is an extensional set.,,intensional
extreme programming,extreme programming,XP,,,"First of the agile methods, focused on pair programming, test as you go, and refactoring.",,,
faceted,faceted,,,taxonomy,Having the orthogonally distinct aspects of a taxonomy separated so that each can be dealt with independently.,,,
first order logic,first order logic,,FOL,logic,A branch of logic dealing with predicate-based reasoning.,,,
folksonomy,folksonomy,,,lexicography,A set of tags made up on the fly by end users to organize a body of work. Almost always a navigational taxonomy. ,,,navigational
formal,formal,,,lexicography,"A taxonomy where all the relationships are “isa” relationships, which can therefore be used in inference.",,,
friend of a friend,friend of a friend,,FOAF,,An ontology about people and their properties.,,,
functional,functional,,,description logic,Characteristic of a property which guarantees that there is only a single object. ,“BiologicalMother” is a functional property.,,
generalize,generalize,,,modeling,To create a more abstract definition or category.,,,
gist,gist,,,,A minimal upper ontology.,,,
glossary,glossary,,,lexicography,A list of terms and their definitions.,,,
grammar,grammar,,,linguistics,"A set of rules for ordering vocabulary items. In computer science, grammar may be expressed formally.",,,
granularity,granularity,,,,Size of the service. A service with a high level of granularity is referred to as being fine-grained and one with a low-level is coarse-grained.,,,
graph,graph,,,"modeling, graph theory","A model of entities (i.e., nodes) connected to relationships (i.e., arcs).",,,
grid,grid,,,,A topology where large numbers of processors can contribute to solving one problem.,,,
grounding,grounding,,,,A connection of implication to empirical data. How we connect pure thought to the real world.,,,
hierarchy,hierarchy,,,lexicography,"A tree-style arrangement of terms or classes in which each child has only one parent (i.e., single inheritance).",,,
homonym,homonym,,,lexicography,Two different meanings sharing the same word and the same spelling.,"""Mogul"" meaning the emperor versus ""mogul"" meaning the ski bump.",,
hypernymy,hypernymy,,,lexicography,A word of a more specific meaning.  ,"""Arabian"" is a kind of ""horse.""",,
hypertext markup language,hypertext markup language,HTML,,standards,A tag-based language on which the World Wide Web is based. ,,Markup is for presentation only.,
hypertext transfer protocol,hypertext transfer protocol,http,,standards,A standard request to Web servers; the protocol on which much of the World Wide Web is based.,,,
hyponymy,hyponymy,,,lexicography,Inverse of hypernymy.,”Mammal” is a more general type than “horse.”,,
identify,identify,,,semantics,To associate the description of an entity with its real-world counterpart.,,,
identity,identity,,,semantics,That which we perceive to be permanent about a perceived real-world entity; the identity of a person or an organization.,,,
idiolect,idiolect,,,linguistics,Dialect spoken by an individual.,,,
individual,individual,,,modeling,An individual object as distinct from a type of object or class. This is often used synonomously with instance although that actually describes the membership of an individual in a class.,,,
induction,induction,,,logic,Process of creating categories from instances. Probabilistic reasoning.,,,
inference,inference,,,semantics,Reasoning from known propositions.,,,
inference engine,inference engine,,reasoner,semantics,A software program that can assign members to classes based on formal class definitions.,,,
inheritance,inheritance,,,modeling,The accretion of properties and behaviors from a hyponym.,,,
instance,instance,,,modeling,Individual objects that belong to a class are referred to as instances of that class. Individuals can be instances of several classes.,"e.g., Dave McComb is an instance of the class Person.",,
instances,instances,,,"software design, modeling","Specific individual groups of data, usually created from some sort of template. In object-oriented systems, calling “new()” on a class creates an object that is of the type of the class. In a database system, inserting a row in a table creates an instance of that entity.",,,
instantiate,instantiate,,,"software design, modeling",The act of creating an instance of a class.,,,
intensional,intensional,,,modeling,A set defined by rules. Each time the rules are executed you might get a different set. The set of customers with overdue balances is an intensional set. Opposite of extensional.,,,
intentional,intentional,,,software design,"A programming language and style, where the “intention” of the developer is captured separate from the details of the implementation.",,,
inverse of,inverse of,,,modeling,"For bidirectional relationships, the one that ""goes the other way"" (""child"" is the inverse of ""parent"").",,,
isa,isa,,,model (type to type),Shorthand for the specialization/generalization relationship. Basis for inheritance in object-oriented design. See subsumption.,,,
isa,isa,,,model (instance to type),Member of.  ,Dave (instance) isa Person (type or class). The two forms of isa are often confounded.,,
Jena,Jena,,,,Open source Java-based framework built by HP Labs for building RDF-based Semantic Web applications.,,,
keyword,keyword,,,lexicography,"To find content, we extract some of the less common words from a document and index them back to their location in the document.",,,
knowledge,knowledge,,,modeling,An agent has knowledge of a scenario or context to the extent that it has a model that provides some degree of predictability.,,,
knowledge interchange format,knowledge interchange format,KIF,,,A standard format for exchanging rules between AI systems.,,,
knowledge level,knowledge level,,,"AI, modeling",Part of a model in which you reason about the behavior of the system rather than its implementation.,,,
lexical,lexical,,,lexicography,"Having to do with words, as in a lexical analysis of text.",,,
lexicographer,lexicographer,,,lexicography,A person who writes dictionaries.,,,
lexicon,lexicon,,,lexicography,Computer-readable dictionary of attributes.,,,
linguistic,linguistic,,,linguistics,Pertaining to language.,,,
linked data,linked data,,,Semantic Web,,,,
literal,literal,,,modeling,Constant variable (sounds like an oxymoron).,,,
mandatory,mandatory,,,modeling,"In a relationship, a constraint that a particular relationship must have at least one successor.",,,
Markov,Markov,,,algorithm,Statistical algorithm for finding patterns and predicting similarity in unstructured documents.,,,
markup,markup,,,standards,Annotating documents by inserting matching tags to offset certain sections.,,,
mashups,mashups,,,software design,Web-based user interface where integration is done in the browser using data from multiple sources.,,,
mereology,mereology,,partonomy,lexicography,The study of part-whole relationships. ,,,
meronomy,meronomy,,metonymy; meronymy,lexicography,Terms related through a part-whole relationship. ,,,
message,message,,,object-oriented design,"Object-oriented design refers to a method call as a message, even though it is a function call.",,,
message,message,,,,"The unit of work in an SOA, often serialized as XML.",,,
meta,meta,,,,"To transcend or go above. For most of computer science in means ""about,"" as in “metadata is data about data.""",,,
metadata,metadata,,,,"Data about data. Includes data which describes how data is stored, where it is stored, how it is validated, and what it means.",,,
metametadata,metametadata,,,,Data about metadata (usually at a high level of abstraction).,,,
metaphysics,metaphysics,,,philosophy,"A branch of philosophy that deals with understanding the fundamental nature of everything, particularly the relationship of mind to matter.",,,
microformats,microformats,,,standards,An approach to embedding small bits of semantics in XML or XHTML.,,,
model-theoretic semantics,model-theoretic semantics,,,semantics,"An account of meaning in which sentences are interpreted in terms of a model of, or abstract formal structure representing, an actual or possible state of the world.",,,
namespace,namespace,,,semantics,A domain within which a name is guaranteed to be unique and findable.,,,
natural language processing,natural language processing,NLP,,artificial intelligence,A branch of artificial intelligence that deals with interpreting and generating humanlike speech.,,,
navigational,navigational,,,lexicography,Non-formal taxonomies intended to aid users in finding information in a large source.,,,
node folding,node folding,,,RDF,Process whereby a large number of independently defined “triples” are combined into a logical graph.,,,
nomenclature,nomenclature,,,lexicography,Set of names for terms in a given domain.,,,
nominalization,nominalization,,,lexicography,To convert a verb to a noun. Used in software programs to create a handle for a method.,,,
normalization,normalization,,,database,Arrangement of attributes to tables in a relational design so as to avoid update anomalies. Ensuring that each property is dependent only on the primary keys of its table.,,,
Notation 3,Notation 3,N3,,standards,Shorthand way of writing rules in Semantic Web.,,,
Notation3,Notation3,,,semantics,A shorthand way of writing rules in the Semantic Web.,,,
object oriented,object oriented,OO,,object oriented,"Style of programming that features data hiding within classes, and type and property inheritance. ",,,
object role modeling,object role modeling,ORM,,object role modeling,"Conceptual design notation focused on role modeling. Enables good modeling, especially for relationships of higher valence.",,,
ontology,ontology,,,philosophy,A subdiscipline of metaphysics which concerns itself with the nature of being.,,,
ontology,ontology,,,semantics,A specification of a conceptualization.,,,
ontology inference layer,ontology inference layer,OIL,,,Standard for defining and interchanging ontologies.,,,
orthogonality,orthogonality,,facets,modeling,"Literally ""at right angles."" Refers to finding aspects of categorization that are as independent of each other as possible.",,,
OWL-S Standard,OWL-S Standard,OWL/S,,"standards, semantic web",An ontology for describing the capabilities of Web services.,,,
parse,parse,,,software,To separate an incoming stream of data into its constituent parts based on a grammer and various delimiters.,,,
partial,partial,,,"OWL, modeling","A partial class is one that has necessary, but not necessary and sufficient restrictions.",,,complete
partonomy,partonomy,,mereology,lexicography,A mereological hierarchy; a type of hierarchy that deals with part–whole relationships.,A bill of materials,,
parsed character data,parsed character data,PCDATA,,"standards, XML, HTML",Text that can be parsed.,,,character data
perception,perception,,,metaphysics,The process whereby humans discern order in a complex world.,,,
phenomenology,phenomenology,,,metaphysics,A branch of metaphysics that reality consists of objects and events as perceived by human consciousness.,,,sophists
polymorphism,polymorphism,,,object-oriented design,"Literally ""to take many forms."" In object-oOriented design, subclasses of a class implement the public interface to the parent class in such a way that a message sent to a collection of parents and children would be responded to by each appropriately, without the caller knowing.",,,
polysemous,polysemous,,,lexicography,A word with multiple related meanings.,"Mouth, the anatomic opening, and mouth, the opening of a cave.",,
pragmatism,pragmatism,,,philosophy,A branch of philosophy that holds that both the meaning and the truth of any idea is a function of its practical outcome.,,,
precision (semantic),precision (semantic),,,"semantics, modeling",The degree of refinement or specificity applied to a particular semantic categorization.,"""Car repair manual"" is a more semantically precise term than ""document,"" even though both may be equally accurate.",,
predicate,predicate,,,logic,A statement you can make about something that can be evaluated later as true or false.,,,
prime,prime,,,semantics,Types which are atomic and have no supertypes. There is a belief that there are a few semantic primes from which all business-related applications can be built.,,,
property,property,,,ontology,An attribute (Datatype) or relationship (ObjectType) of an object/individual.,,,
property,property,,,model,"In object-oriented design, either an attribute or a relationship.",,,
prototypes,prototypes,,,classification theory,A way of defining categories around exemplar representatives.,"A ""robin"" may be a prototype for the category ""bird.""",,
query,query,,,database (noun),A declarative statement describing the dataset that a user or program wants to obtain from a database.,,,
query,query,,,application (verb),To request information from a data store.,,,
range,range,,,,A restricted set of the domain of values to which an attribute can belong.,,,
range,range,,,ontology,Restriction class for a property. See slot and domain (ontology).,,,
RDB2RDF,RDB2RDF,,,Semantic Web,,,,
reachable,reachable,,,graph theory,The set of all nodes in a graph that can be arrived at by traversing arcs.,,,
real-time,real-time,,,systems,System design where events in the computer are taking place at nearly the same clock time as in the real world. ,,,
really simple syndication/rdf site summary/rich site summary,really simple syndication/rdf site summary/rich site summary,RSS,,standard,A family of standards for bloggers and content syndication.,,,
reasoner,reasoner,,inference engine,semantics,A software program that can assign members to classes based on formal class definitions.,,,
recursive,recursive,,,programming,Flow of control in which a module calls a new instance of itself an indefinite number of times. See recursive. ,,,
referent,referent,,,semantics,The real world object which an individual represents in an ontology. ,"“Horse” is a symbol, which stands for a concept. The referent is what kicks you.",,
referential integrity,referential integrity,,,database,Property of database management system that allows it to manage the relationship of instances in different tables such that a change or deletion in one table does not invalidate information in another. Referential integrity would prevent the deletion of a customer if there were still orders outstanding for that customer.,,,
reification,reification,,,RDF,"Statements that refer to other RDF statements. For instance, to make a reference that another assertion is false or dubious is a reification.",,,
reify,reify,,,semantics,To treat an abstraction as if it were real. ,"Marriage is the reification of a relationship, as are most entities in most databases.",,
repository,repository,,,metadata,Place to persistently store metadata. A database for metadata.,,,
resource,resource,,,RDF,"In RDF terms, a URI or a literal.",,,
resource description framework,resource description framework,RDF,,"standards, semantic web",Basic model for expressing knowledge in the Semantic Web.,,,
resource description framework schema,resource description framework schema,RDFS,,"standards, semantic web","Adds schema properties to RDF, such as ""subclass"" and ""inverse.""",,,
restriction,restriction,,,description logic(s),A class definition where membership can be inferred based on precise definitions of membership qualification.,,,
run time,run time,,,software,"Refers to things which can change when the program is running as opposed to those things which must be changed when the program is being designed (or compiled). Shifting things (e.g., hardware, software, data) from design time to run time can make the system much more flexible.",,,
schema,schema,,,XML,"Allowable tags and their sequencing, usually expressed in DTD or XSD.",,,
schema,schema,,,database,Data definition for tables.,,,
semantic,semantic,,,philosophy,"Concerned with the study of meaning (often the meaning of words). In business systems we are concerned with making the meaning of data explicit (structuring unstructured data), as well as making it explicit enough that an agent could reason about it.",,,
Semantic Annotations for Web Services Description Language,Semantic Annotations for Web Services Description Language,,,,"Standard for adding semantic description of Web service capability as annotation in the WSDL interface definition. (Previously, WSDL-S)",,,
semantic data modeling,semantic data modeling,SDM,,modeling,Conceptual database modeling based on semantics.,,,
Semantic Web,Semantic Web,,,Semantic Web,,,,
Semantic Web,Semantic Web,,Web 3.0,network,Next generation  Internet where all the content is tagged with semantic tags and committed to ontologies. An interlinking of ontologies will allow agents to reason about information only tangentially connected (and not previously connected by their creators).,,,
Semantics in Business Vocabulary and Business Rules,Semantics in Business Vocabulary and Business Rules,SBVR,,standard,A meta model and standard vocabulary for specifying business rules.,,,
semiotics,semiotics,,,linguistics,"A branch of linguistics primarily concerned with human use of sign, symbol, syntax, and semantics.",,,
sentient,sentient,,,philosophy of mind,"Capable of reasoning. Alternative definition includes being capable of feeling, but that has no applicability for business systems.",,,
service-oriented architecture,service-oriented architecture,SOA,,,"Application architecture organized around the use of services, including Web services.",,,Business Process Execution Language
service-oriented integration,service-oriented integration,SOI,,service-oriented integration,Performing EAI using service-based technologies.,,,
SHACL,SHACL,SHACL,,standards; Semantic Web,,,,
shredding,shredding,,,XML,Parsing an XML document to is constituent parts to be stored atomically in a relational database.,,,
similarity,similarity,,,semantics,"Lexical relations of words with related meaning. For example, ""gluttonous"" is similar to ""greedy.""",,,
simple HTML ontology extension,simple HTML ontology extension,SHOE,,,An early project to extend HTML with semantic tags.,,,
Simple Knowledge Organization System,Simple Knowledge Organization System,SKOS,,"standards, semantic web",A standard for describing knowledge structures such as taxonomies and thesauri.,,,
simple object access protocol,simple object access protocol,SOAP,,,"Wrapper for Web service requests that allows them to be invoked across the  Internet, including through firewalls.",,,
slot,slot,,,ontology,A property in an ontology that can refer to other terms or frames.,,,
sophists,sophists,,,philosophy,"A group of philosophers who believed that the world existed only to the extent it was perceived. ""Man is the measure of all things"" was a saying of the sophists.",,,phenomenology
SPARQL,SPARQL,,,"standards, semantic web",Query language for RDF data.,,,
specialization,specialization,,,ontology,"Increasing semantic precision by subtyping. Almost an exact antonym to generalization, but there are a few obscure conditions where generalization and specialization are not inverses.",,,
splitters,splitters,,,ontology,People who are inclined to create new categories whenever new distinctions come up.,,,lumpers
standard generalized markup language,standard generalized markup language,SGML,,standards,"Early tagged document markup language. Was popular for complex document creation, but complexity of language led to it being largely superceded by HTML and XML.",,,
subsumption,subsumption,,,ontology,"To classify, include or incorporate in a more comprehensive category or under a general principle. The ""isa"" relationship.",,,lumpers
subtype,subtype,,,ontology,"A proper subtype ""is"" one of its parent types, more specifically a specialization of that type.",,,
suggested upper merged ontology,suggested upper merged ontology,SUMO,,,"A broad ontology meant to promote wide ranging interoperability, supported by IEEE.",,,
swoRDFish,swoRDFish,,,,"Ontology and framework for managing digital assets, from Sun Microsystems.",,,
syllogism,syllogism,,,logic,"A style of inductive logic, that starts with a generalization, includes a categorization and concludes with a semantic entailment or the instance taking on an attribute of the category.",All men are mortal (generalization). Socrates is a man (categorization). Socrates is mortal (XXX).,,
symbolic,symbolic,,,"AI, semantics",Semantic reasoning with variables substituted for semantically known objects. Conclusions drawn at this level are universally true.,,,
symmetric,symmetric,,,description logic,Characteristic of a property which has it hold “both ways.” ,"“Sibling” is a symmetric property, but “sister” is not.",,
synchronous,synchronous,,,,"Message transmission where sender blocks and waits for reply, which is expected in near real time.",,,
synonymy,synonymy,,,ontology,"Two terms that mean the same thing. As pointed out by John Saeed*, there are few true synonyms.",,,
syntactic,syntactic,,,grammar,Concerning the grammar order or special characters in a document or message.,,,
tacit,tacit,,,semantics,That which has not been expressed in formal terms. Tacit knowledge may be knowledge we have without knowing that we have it.,,,
tag,tag,,,markup,"Delimiters that also contain information. Most common type are matched tags such as <t>42</t>, which is the number 42 tagged by the tag ""t.""",,,
TARQL,TARQL,TARQL,,standards; Semantic Web,,,,
taxonomy,taxonomy,,,lexicography,"A vocabulary ordered into a hierarchy, generally to find terms easily, and also to subtype the terms.",,,
temporal,temporal,,,,Dealing with time. ,"Events, plans",,
terminology box,terminology box,,"Tbox, T-Box",modeling,Inference that can be done with the Terminology (metadata) layer only.,,TBox statements are sometimes associated with object-oriented classes and ABox statements associated with instances of those classes.,"Abox, Cbox"
text,text,,,,A portion of a document expressed in characters (as opposed to sound or graphics).,,,
thing,thing,,,modeling,Very often the top of a generalization tree.,,,class
Tim Berners-Lee,Tim Berners-Lee,TBL,,,WWW inventor; often goes by his initials.,,,
transactive,transactive,,,description logic(s),A characteristic of a property which allows it to be recursive. ,"“Ancestor” is a transitive property, but “parent” is not.",,
tree,tree,,,modeling,A directed graph in which nodes are not referred to by more than one node.,,Children do not have more than one parent.,
triple,triple,,,"Semantic Web, RDF",A single combination of Subject/Predicate/Object.,,,
triple,triple,,,RDF,"Knowledge expressed in a three-part grammar, which has been called ""subject, predicate, object"" as well as “resource, property, values.""",,,
triple store,triple store,,,RDF,A database that stores RDF in its native form.,,,
truth conditions,truth conditions,,,semantics,The conditions under which a sentence or a proposition expressed by it is true;,"The statement “I have red hair” is true under the condition that the speaker has, in fact, red hair. It is not true in the abstract, but only when grounded.",,
unambiguous,unambiguous,,,semantics,Refers to specific item or category in requisite level of semantic precision.,,,
unary,unary,,,relation,"One-way relation; pointer.Most relations are binary, which means they are automatically maintained both ways and can be traversed both ways.",,,
unicode,unicode,,,character set,"Character set rich enough to represent non-Latin-based languages, such as Chinese and Burmese.",,,
unified medical language system,unified medical language system,UMLS,,model,Ontology of medical terms used for searching medical literature.,,,
unified modeling language,unified modeling language,UML,,model,Modeling language for object-oriented development popularized by Rational Corporation.,,,
uniform resource identifier,uniform resource identifier,URI,,,Unambiguous location of a resource in RDF.,,,
uniform resource location,uniform resource location,URL,,,A resolvable location on the reachable  Internet.,,,
unique,unique,,,,"There can not be more than one equivalent item of this type within the scope indicated. We may say that customer numbers must be unique (within our organization or database) or we may say that there can only be one successor on a relationship, meaning there can't be more than one of that type in that set.",,,
"universal description, discovery, and integration","universal description, discovery, and integration",UDDI,,model,Standard for a registry or yellow pages for finding services.,,,
unstructured data,unstructured data,,,,"Data (textual, video, sound, graphics) that has not been interpreted, tagged, or structured.",,,
valence,valence,,,,"Number of type of successors to a relationship. Also called the ""n-arity."" Most relationships have a valence of 2 (binary relationships), but relationships with a valence of 3 or 4 are not uncommon.",,,
validation,validation,,,"XML, HTML",Determination that a document obeys all the rules set out in its schema.,,,
veracity,veracity,,,semantics,Degree to which we believe something to be true.,High veracity = high degree in belief in the truth of the assertion.,,
vocabulary,vocabulary,,,lexicography,"List of terms in a particular dialect, often with definitions.",,,
warehouses,warehouses,,,database,"A copy of the operational data of a firm, stored to optimize analytic retrieval instead of updates. Also organized to be robust in regard to changes in the structure of the operational databases or the hierarchical rollups of the dimensions.",,,
Web 2.0,Web 2.0,,,,"Web based capability characterized by collaboration and user-created content, including blogs and wikis.",,,
Web ontology language,Web ontology language,OWL,,standards,Successor to DAML + OIL a W3C standard.,,"The origin of the dyslexic acronym is attributed to the owl in Winnie the Pooh who spelled his name ""WOL.""",
Web services,Web services,,,architecture,RPC in which the request is in XML. Allows caller and receiver to be in different technologies as long as each can queue the message and process the XML request or response.,,,
well formedness,well formedness,,,"XML, HTML","Property that a given tagged document adheres to the rules of documents of that type (e.g., all the tags match). Does not require a schema. See validation. Note that most HTML tools and browsers have become slack on well formedness, to the point where one cannot rely on HTML tags matching.",,,
WordNet,WordNet,,,ontology,"Open source dictionary of the English language. Built as a searchable graph with disambiguation of word senses and thesaurus-style linking of similar word senses. Many of the concepts have hypernymy, polysymy, and mereologic links.",,,
World Wide Web,World Wide Web,WWW,,,"The layer on top of the Internet that most people now think of as the Internet. Includes Web servers that are reachable by URLs and DNS, that accept HTTP reuqests on port 80 and that serve up user Interfaces in HTML.",,,
World Wide Web Consortium,World Wide Web Consortium,W3C,,,Non profit organization responsible for maintaining the standards upon which the World Wide Web is based.,,,
WSDL,WSDL,,,standards,"Standard for defining the interface to a Web service, expressed as an XSD dialect. Pronounced ""whizdull.""",,,
WSDL/S,WSDL/S,,,SOA,,,,See SAWSDL.
XMI,XMI,,,XML,Standard for interchanging metadata.,,,
XML schema,XML schema,XSD,,XML,"Schema language for XML, expressed in XML (as opposed to DTD, which was not in XML).",,,
XML style sheet language,XML style sheet language,XSL,,XML,Declarative language creating a style sheet for XML documents.,,,
XPath,XPath,,,XML,Declarative way to define a subset of an XML document that you are interested in. Robust in regard to many structural changes to the document.,,,
XQuery,XQuery,,,XML,Query language for retrieving data from an XML document or XML database.,,,
